,titles,category,summary
0, 극장판  Fate Grand Order  신성원탁영역 카멜롯  팔라딘  아가트람,판타지,줄거리  이번에야말로 이 손으로 나의 왕을 죽이는 거다   방랑의 기사 베디비어와 칼데아 일행이 향한 특이점 서력     년의 예루살렘  백성들은 집을 잃고 쫓겨났으며  그 땅은 세 개의 세력이 대치하고 있는 불모지가 되어있었다   백아의 성을 쌓고 백성들을 살육하는 사자왕과  원탁의 기사 를 쓰러뜨리기 위해  베디비어 일행은  산의 백성 과 힘을 합쳐 싸운다  사투 끝에 소중한 동료를 잃은 그들은 강대한 힘을 가진  태양왕 오지만디아스 에게 동맹을 요청한다  하지만 오지만디아스는 사자왕의 계획에 대해 말하며 자신의 백성들을 지키겠다는 이유로 제안을 일축해버린다   베디비어 일행은 사자왕의 진의를 알고 전율하지만  동료들과 함께 그 계획을 저지하기 위해 성도 카멜롯으로 진격할 것을 결의한다  그리고 드디어 성도 결전의 날을 맞이한다   냉혹 무도의 끝을 달리는 사자왕의 진짜 목적은  약속된 멸망의 세계에서 인류를 구제할 방법이란  용서받지 못할 죄를 짊어진 베디비어가 맞이하는 결말은   가장 슬프고 아름다운     가 이곳에서 완결된다     접기
1,진격의 거인 The Final Season Part  ,판타지,줄거리 그 거인은 언제 어떤 시대에도 자유를 갈망하며 나아갔다  자유를 위해 싸웠다  그 이름은 진격의 거인    드디어 밝혀진 벽 밖의 진실과 거인의 정체  이곳에 이르기까지 인류는 너무나도 큰 희생을 치렀다  그럼에도 그들은 계속 나아가야만 한다   벽 밖에 있는 자유의 상징  바다를 아직 그 눈으로 보지 못했으니까  이윽고 시간은 흘러 첫 번째  초대형 거인 에 의한 최초의 습격으로부터  년  조사병단은 월 마리아 밖의 벽외 조사를 감행한다    벽 너머에는 바다가 있고  바다 너머에는 자유가 있다  그렇게 믿어왔는데         벽 안의 인류가 처음으로 도달한 바다  끝없이 펼쳐진 수평선 너머에 있는 것은 자유인가  아니면       엘런 예거의 이야기는 새로운 국면을 맞이한다     접기
2, 극장판  소드 아트 온라인  프로그레시브  별 없는 밤의 아리아,판타지,줄거리 그날   너브기어  를 우연히 머리에 쓴  유우키 아스나  는 원래 인터넷 게임과는 무관하게 살고 있는 중학교  학년 소녀였다   게임 마스터는 통보했다   이건 게임이지만 놀이가 아니다   게임 속에서의 죽음은  그대로 현실에서의 죽음으로 이어진다  그 말을 듣게 된 모든 플레이어들이 혼란에 빠지고  게임 속은 아비규환의 도가니가 되었다   그중 한 사람이었던 아스나였지만  그녀는 세계의 룰조차 모른 채 정상이 보이지 않는 강철의 부유성  아인그라드  공략에 나선다   죽음과 맞닿아 있는 세계에서 살아나가던 와중에 아스나에게 찾아온  만남   그리고  이별     눈앞의 현실 에 휘둘리면서도 꿋꿋이 싸우는 그녀 앞에 나타난 건  고독한 검사 키리토였다     접기
3,진격의 거인 OAD,판타지,줄거리 인류의 생존을 건 거인과의 장렬한 공방 뒤에서 펼쳐진 주인공이 아닌 주변 인물들을 중심으로 한 이야기와 누군가의 과거  누군가가 바랐던 평행세계의 미래가 배경인 새로운 이야기가 펼쳐진다    
4,진격의 거인 OAD,판타지,줄거리 인류의 생존을 건 거인과의 장렬한 공방 뒤에서 펼쳐진 주인공이 아닌 주변 인물들을 중심으로 한 이야기와 누군가의 과거  누군가가 바랐던 평행세계의 미래가 배경인 새로운 이야기가 펼쳐진다    
5,평온세대의 위타천들,판타지,줄거리 무슨 일이 벌어질지 아무도 모르는 금단의 배틀로얄이 시작된다   정렬한 싸움 끝에 압도적인 속도와 강인함을 뽐내는 싸움의 신  위타천 들이 세계를 파멸로 이끄는  마족 을 봉인한 지    년이 지났다   이제는  그 싸움 은 아득히 오래된 신화 속 이야기가 되어버린지 오래다  발생하고 나서 한 번도 싸워본 적이 없는  평온세대의 위타천들 이 평화에 취해있는 가운데  누군가에 의해서 다시 한번 마족이 기나긴 잠에서 깨어나 부활했다    무력  지략  정치  음모 등 쓸 수 있는 것은 무엇이든 사용해라  노 룰   노 리미트인 삼파전 배틀로얄이 지금 시작된다     접기
6,takt op Destiny,판타지,줄거리 음악은 사람의 마음을 비추는 빛 갑자기 세계는 그  빛 을 빼앗기게 된다  하늘에서 검은 운석인  흑야운철 이 떨어진 날 밤  세계는 변모했다  검은 운석에서 생겨난 이형의 괴물     가 대지에서 사람들을 유린하기 시작했다    는 인간이 연주하는 선율에 끌려 나타났고 이윽고  음악  자체가 금기가 됐다   하지만  그 괴물에게 저항하는 자들이 나타난다   음악의 힘으로 싸우는 소녀들  무지카트   그녀들은 인류사에 남을 위대한 가극  악곡의 악보를 몸에 깃들이고   를 격파하는 힘으로 사용했다   그리고 그녀들을 지휘하고 이끄는  컨덕터        년   와의 항쟁에 의해 황폐화된 미국  컨덕터  타쿠토 는 무지카트  운명 과 함께 뉴욕을 향해서 여행을 하고 있었다  음악을 잃어버린 세계에서 음악을 갈망하는  타쿠토    의 섬멸을 바라는 무지카트  운명    소년과 소녀가 만들어내는 선율은 환희인가 절망인가     접기
7,달과 라이카와 흡혈공주,판타지,줄거리 인류 역사상 최초의 우주비행사는  흡혈귀 소녀였다   세계대전이 종결된 후  세계를 양분하는 대국인 동쪽의 지르니트라 공화국 연방과 서쪽의 아나크 연합 왕국은 그들의 영토에 대한 야심을 우주로 돌렸다  양국은 치열한 기술 개발 경쟁을 펼쳤고  그리고 현재   서력     년  공화국 연방 최고지도자 게르기예프는 성공한다면 인류 최초의 쾌거가 되는 유인 우주 비행 계획  메치타 계획 을 발령했다  그 무렵  우주비행사 후보생 보결인 레프 레프스는 어느 극비 임무를 명령받게 되었다    노스페라투 계획   그것은 유인 우주 비행을 하기 전 실험으로써 흡혈귀를 날려 보내는 계획이었다  그 실험체인 이리나 루미네스크를   시간 감시하며 훈련을 시키는 것이 레프 레프스의 임무였다   레프와 이리나  인간과 흡혈귀  감시자와 실험체  종족의 벽과 국가 사상에 농락당하면서도 우주에 대한 순수한 마음을 공유하며  그 둘은 함께 우주를 목표로 하게 되었는데     접기
8,빌디바이드 CODE   BLACK,판타지,줄거리 왕에게 통치 받으며 모든 것의 우열이  빌디바이드 의 강함으로 결정되는 도시  신교토  이 신교토에 떠도는 소문이 있다    빌디바이드로 왕을 이기면 어떤 소원이든 이루어진다    그리고 왕에게 도전하기 위해서는  리빌드 라고 불리는 배틀에 참가해서  열쇠 를 완성해야 한다   누구나 이루고 싶은 소원이 있다  어떤 목적 때문에 왕을 쓰러트리려 하는 소년 쿠라베 테루토는 수수께끼의 소녀 반카 사쿠라의 도움으로 리빌드 배틀에 몸을 던지게 되는데     접기
9,유우키 유우나는 용사다 후루룩 ,판타지,줄거리 때는 신세기    년  신수에 위기에 여러 시대에서  용사와 무녀가 소환된 신수 내부의 세계   그녀들이 모두 모인 산슈 중학교 용사부는 총원   명의 대가족으로 변모하였다   강력한 동료를 얻은 부장 이누보자키 후우는 만반의 준비를 하고   용사부 우동  개발을 선언하는데           접기
10,유우키 유우나는 용사다  대만개의 장 ,판타지,줄거리 이것은  지금까지의  앞으로의 이야기    
11,유우키 유우나는 용사다  대만개의 장 ,판타지,줄거리 이것은  지금까지의  앞으로의 이야기    
12,진화의 열매  모르는 사이 성공한 인생 ,판타지,줄거리 왕따의 대상이었던 고등학생 히이라기 세이이치  그런데 어느 날 갑자기 학교에 있는 모든 사람들이 검과 마법이 난무하는 게임 같은 이세계에 날려보내지게 되었다  그곳에서 히이라기 세이이치는 우연히  진화의 열매 를 먹음으로써 성공한 인생길을 걷기 시작했는데     접기
13,무직전생  이세계에 갔으면 최선을 다한다   기,판타지,줄거리  나는 이 세계에서 최선을 다하겠어     세 총각에 무직인 방구석 폐인이었던 남자  그는 부모님의 장례식 날에 집에서 쫓겨나 트럭에 치여 목숨을 잃었다  다시 눈을 떴을 때 그는 검과 마법이 존재하는 이세계에서 아기로 다시 환생해 있었다   쓰레기처럼 살아온 남자는 소년 루데우스로서 이세계에서 최선을 다해 살아가기로 맹세한다  루데우스를 기다리는 것은 로리 마술사  엘프 귀를 가진 소꿉친구  흉포한 새침데기 아가씨와 그 외 다양한 인간들과의 만남  그리고 가혹한 모험과 전투   그의 새로운 인생이 움직이기 시작한다   인생 재시작  판타지  개막     접기
14,플래티넘 엔드,판타지,줄거리  내가  살아갈 희망 을 줄게   카케하시 미라이는 가족을 사고로 잃고  거둬진 친척 집에서 괴로운 나날을 보내고 있었다  모든 것에 절망한 소년은 중학교를 졸업하는 날  빌딩 옥상에서 몸을 던진다  하지만  소년은 그곳에서 한 천사를 만나게 되는데      접기
15,마기아 레코드 마법소녀 마도카 마기카 외전  nd SEASON  각성 전야 ,판타지,줄거리 소원을 이뤄주는 대가로 남들은 모르는 싸움을 계속하는 마법소녀들  하지만 타마키 이로하는 자신의 소원을 잊어버렸다    마법소녀가 됐을 때 나는 뭘 빌었었지    일상 속에서 휑하니 뚫린 구멍  잃어버린 소중한 무언가  이유도 모른 채 싸움을 계속하는 나날     그런 때에 마법소녀들 사이에서 소문이 돌기 시작한다    카미하마시에 가면 마법소녀는 구원받는다    마법소녀와 소문이 모이는 마을 카미하마시  잃어버린 소원을 찾고 싶은 타마키 이로하의 이야기가 시작된다     접기
16,나는    만 명의 목숨 위에 서 있다  기,판타지,줄거리 합리적인 단독 행동을 좋아하는 중학교  학년 요츠야 유스케는 어느 날 게임 같은 이세계로 전송된다   먼저 전송된 같은 반 신도우 이우 하코자키 쿠스에와 함께  번 째 플레이어가 된 그는 목숨을 건 퀘스트에 도전하게 된다   감정론을 버리고 모든 요소를 평면적으로 보고 때로는 동료의 목숨도  장기짝으로 취급하는 냉혹한 요츠야   덮쳐오는 마물  성가신 사건  그리고 암약하는 강적들로부터 파티의 전멸을 막고 이 게임을 클리어할 수 있을 것인가     접기
17,쟈히님은 기죽지 않아 ,판타지,줄거리 마계에서 마왕 다음의  인자로서의 지위를 뽐내던 쟈히 님  마족들의 경외를 받으면서  뭐든지 말하는 대로 이루어지고 사치도 있는 대로 부릴 수 있는 형편 좋은 나날들을 누리고 있었지만  마법소녀의 습격을 받아 인간계로 날려 보내지고 말았다   마력의 근원인 마석이 부서져버려 권력도 미모도 한순간에 사라진 채 쪼끄맣고 귀여운 모습으로 전락해버리고 말았다   빈곤한 생활을 강요받으면서  욕실도 없는 두 평 남짓한 방에서 지내며 요리 주점 아르바이트를 하는 나날들   동정도 집세 독촉도 모두 떨쳐내고  야망은 성대하게  마계 부흥 을 이루는 것     접기
18,바니타스의 수기,판타지,줄거리 이것은 멸망해가는 흡혈귀의 이야기  인간과 흡혈귀가 존재하는   세기 프랑스 흡혈귀 청년 노에는 흡혈귀를 저주한다고 알려진 마도서  바니타스의 서 를 찾아서 파리로 향한다  파리로 향하던 도중 비행선 안에서 노에는 어떤 사건과 조우한다   그리고 그 혼란 속에서 노에의 앞에 나타난 것은 자신을 흡혈귀 전문의라고 자칭하는 인간 바니타스였다  바니타스의 손에는 노에가 찾고 있던 저주의 마도서  바니타스의 서 가 있었다   두 사람의 만남으로 시작되는 저주와 구원의 흡혈귀 이야기가 지금 막을 연다     접기
19,달이 이끄는 이세계 여행,판타지,줄거리 평범한 고등학생이었던 미스미 마코토는 어떤 사정으로 인해 용사로서 이세계에 소환당했다  하지만 그 세계의 여신에게  얼굴이 못생겼다 라는 말과 함께 용사의 칭호를 즉시 박탈당하고 세상의 끝에 있는 황무지로 날려 보내지고 말았다   황무지를 방황하던 마코토가 만난 건  용과 거미  오크와 드워프    인간이 아닌 다양한 종족들  원래 살던 세계와는 환경이 다른 덕분에 마술이나 전투에 대해선 엄청난 힘을 발휘하게 된 마코토는 다양한 만남을 거치면서  이 세계에서 어떻게 살아갈 것인가   신과 인족에게 버림받은 남자의 이세계 바로잡기 판타지 개막     접기
20,치트 약사의 슬로 라이프  이세계에 만들자 드러그 스토어 ,판타지,줄거리 사축으로서 매일매일 일할 뿐이었던 남자  키리오 레이지  오늘도 얼빠진 눈으로 회사로 가고 있던 와중에 어느샌가 이세계의 숲에 와있었다      아아  이것이 요즘 유행한다는 이세계 전생인가   가지고 있는 스킬은 감정  창약 두 종류  그렇게 거창한 것들은 아닌   뭐  상관없나   그렇게 생각하고 있었지만  생각한 것 이상으로 치트 같은 스킬들이었다는 것으로 판명  이 세계에는 없었던 회복약같은 걸 차례로 제조해 순식간에 한밑천 잡게 되었다    이제 사축으로서 일하는 건 완전 사양이다   유유자적한 슬로 라이프를 보내기로 결심하고 드러그 스토어를 열었다   그렇게  이세계의 드러그 스토어를 무대로 한 슬로 라이프 이야기가 시작된다     접기
21,코바야시네 메이드래곤 S,판타지,줄거리 엉망진창 드래곤 메이드가 다시 돌아온다  엉뚱한 계기로 코바야시의 집에서 메이드로서 일하게 된 드래곤 토르   제일 좋아하는 코바야시 씨에게 가끔 거짓말  엄청  폐를 끼치면서도 어떻게든 인간 사회에 적응해서 멋지게 거짓말  그럭저럭  메이드로서 일하고 있었다   같은 드래곤인 칸나  르코아  파프니르  엘마도 각자 보금자리를 발견해서 인간들과 이종 간의 커뮤니케이션을 만끽하고 있었다   그렇게 느긋하지만 때로는 격동적인 나날을 보내던 중  코바야시에게 새로운 드래곤의 위협이 다가오는데     접기
22,전생했더니 슬라임이었던 건에 대하여  기  부,판타지,줄거리 주인공 리무루와 그를 따르는 다수의 마물들이 세운 나라   쥬라 템페스트 연방국 은 근린 국가들과의 협정과 교역을 통해   인간과 마물이 공존하는 나라 라는 이상을 현실로 만들려 하고 있었다   이는 인간이었던 슬라임에서 기인한 리무루의  인간에 대한 호의  였다  하지만 이 세계에는 명확한  마물에 대한 적의 가 존재하고 있었다   그 불합리한 현실을 마주했을 때  리무루는 선택한다   무엇을 잃고 싶지 않은지 를                                                              접기
23,현실주의 용사의 왕국 재건기,판타지,줄거리 홀로 남은 가족인 할아버지를 떠나보낸 소마 카즈야는 어느 날  갑자기 이세계에 용사로서 소환되었다  소환된 곳은 마치 중세 유럽 같은 엘프리덴 왕국이었다   용사는커녕 극히 평범한 청년인 소마였지만  타고난 합리적인 사고방식과 현대 지식으로 여러가지 새로운 정책들을 펼쳤고  기울어가고 있던 왕국의 재정 정치 체제를 바로 세워나갔다   이런 소마와 행동을 함께하는 사람들은  엘프리덴 왕국의 공주인 리시아  왕국 제일의 무력을 자랑하는 다크 엘프 아이샤  영리한 두뇌를 가진 하쿠야  대식가 폰초  가희 주나 그리고 동물과의 의사소통이 가능한 토모에 등  재능있고 개성적인 사람들이 모였다   현대 지식으로 궁지에 몰린 왕국을 다시 살리는 이세계 내정 판타지  현실주의 용사의 왕국 재건기 드디어 개막     접기
24,만난 지  초만에 배틀,판타지,줄거리 일찍이 없었던 신세대 능력 배틀  개막   그것은 언제나와 같은 아침에 시작됐다  게임과 별사탕을 몹시 좋아하는 고등학생 시로야나기 아키라는 미온이라는 수수께끼의 여성에 의해 어느 날 갑자기 싸움에 휘말리게 된다   자리에 모인 사람들에게  당신에겐 더 이상 호적이 없다   실험 모니터 요원이 돼줘야겠다  그리고  능력을 부여했다 라고 말하는 미온   아키라는 자신에게 부여된 능력을 사용해 게임에서 승리해 조직을 없애버리기로 결심하지만    누구도 예상하지 못하는 능력과 뛰어난 두뇌를 무기로 싸우는 새로운 시대의 두뇌파 능력 배틀이 시작된다      접기
25,디사이드 트로이메라이,판타지,줄거리 무대는 시부야   초등학생 때 다정하고 동경하던 존재였던 형의 의문의 죽음을 목격한 류헤이는 지금은 주위에서 그런 악몽 같은 일을 겪었다는 것을 눈치채지 못할 정보로 쾌활한 고등학생이 되었다  킥복싱에 몰두하는 나날을 보내던 중 신기한 생물 트리스에게 물린 날 밤 평소와 다른 꿈을 꾸게 된다   항간에 소문이 자자한 드롭이 어둠 속을 어지럽게 날아다니는 가운데 일그러진 욕망과 대치한다  그가 그 끝에서 보게 되는 것은       접기
26, 극장판  Fate Grand Order  신성원탁영역 카멜롯  완더링  아가트람,판타지,줄거리 길고도 긴 여행이었다  유랑의 기사가 맞이하는 여행의 끝  서력     년 예루살렘   과거의 벗과 칼을 겨누게 된다 해도  먼 옛날의 과오와 마주하게 된다 해도   최후의 충절을 다하기 위해 베디비어는 열풍이 불어닥치는 모래의 대지 위를 걷는다  이것은 한 기사의 이야기     접기
27,Fate Grand Carnival,판타지,줄거리 카페  아넨 엘베  칼데아 지점    그곳에 한 통의 전화가 걸려온다   장난 전화인 줄 알았던 그 전화는   년에 한 번 고삐가 풀리는 축제의 시작을 알린다   축하해라 기적의 카니발을   그것은 광이 될 것인가 아니면 흉이 될 것인가       접기
28,던전에서 만남을 추구하면 안 되는 걸까   OVA,판타지,줄거리 하늘에서 떨어진 것 같은 지상 낙원에서 일어나는 온천물투성이의 항쟁  모험가들이  신들이 지략을 겨루며 질주한다  온천  음모  그리고 비밀의 화원  계속되는 모험의 끝에서 벨 일행은 충격적인 진실을 목격하게 되는데     접기
29,BLUE REFLECTION RAY,판타지,줄거리 이것은 빛나는  마음 을 하나로 잇는 이야기   기쁨  슬픔  분노  사람의 감정은  누구나 가지고 있지만 눈에는 보이지 않는 힘  그 힘은 때로는 세계마저 바꿔버릴지 모른다    언제나 긍정적이고 곤란에 처한 사람이 있으면 지나치지 못하는 히라하라 히오리와 사람들과 어울리려 해도 그 방법을 알지 못해 서투른 하나리 루카  서로 정반대라고 할 수 있는 두 소녀의 만남은 그녀들 자신을  그리고 세계를 어떻게 바꿔놓을 것인가    그렇게 새로운 세계가 시작된다      접기
30,불멸의 그대에게,판타지,줄거리 불사는 최초에 지상에 던져진  구체 였다   가지고 있던 것은  자극을 받은 생물의 모습으로 변할 수 있는 능력 과  죽어도 재생할 수 있는 능력   구체에서 돌  늑대  그리고 소년으로 모습을 바꾸지만 아기와 다름없이 아무것도 알지 못한 채 방황한다   이윽고 만나는 사람들로부터 살아가는 법을 배우고 따뜻한 감정을 알게 되어 인간을 모방해서 성장해 가는 불사   숙명의 적인 노커와의 처절한 싸움  소중한 사람과의 이별    아픔을 견디면서 자신의 삶을 선택하고 강하게 살아가는 불사의 영원한 여행을 그린다     접기
31,전생했더니 슬라임이었던 건에 대하여  전생슬라임 일기,판타지,줄거리 멋진 슬라임 인생   귀한 종이가 손에 들어와서 나의 지금까지를 일기로 쓰기로 했다   서두는 이렇게 할까     전생했더니 슬라임이었다   거기서부터 내 모험이  모험  이    장난기가 많고 유머러스한 리무루와 템페스트에 살고 있는 동료 마물들의 일상을 아낌없이 그려낸  슬라임 계열  전생 엔터테인먼트     접기
32,세븐나이츠 레볼루션  영웅의 계승자   한국어 더빙 ,판타지,줄거리  이루어라  그대가 바라는 것을    한때 세계를 구했던 영웅들이 있었다  수많은 영웅들은  파괴 의 힘에 맞서 싸웠고  이 세계를 지켜내었다  그리고 시간이 흘렀다   영웅들은 역사의 저편으로 떠나갔고  그들의 힘을 몸에 깃들게 해 싸우는  계승자 라 불리는 소년 소녀들에게 세계의 운명은 맡겨졌다   계승자 들의 정점에 선  세븐나이츠  중 한 명인 파리아라는 소녀는 몰려드는 파괴의 군세와 싸우던 가운데 네모라는 소년을 구하게 되었다   격전이 한창인 가운데  네모는 자신도 모르는 가운데 영웅의 힘을 환기하고  계승자 로서 그 힘을 발휘한다  하지만  그의 영웅은 누구도 알지 못하고 누구도 말하지 않는 자였다   그리고 이때부터 시작되었다  과거와 현재가 교차하는 영혼의 여행길은     접기
33,슬라임을 잡으면서    년  모르는 사이에 레벨MAX가 되었습니다,판타지,줄거리 극히 평범한 회사원 아이자와 아즈사는 너무 일한 나머지 과로사해 불로불사의 마녀 아즈사로 이세계로 전생했다  이전 삶에 대한 반성의 의미로 한적한 고원에서 느긋하게 슬로 라이프를 시작한 그녀    슬라임을 사냥해 생활비를 벌고  마녀답게 약을 만들어 산기슭에 있는 마을에 신세를 진다  그 밖에 일은 딱히 없다  그런 생활을 계속 보내는 가운데 그녀는  고원의 마녀 로 알려지게 되었는데   그랬더니    년 후  아즈사는 슬라임을 계속 사냥해 온 경험치로 어느새 레벨      세계 최강이 되어버렸다  이러한 사실이 널리 퍼지자 실력에 자신 있는 모험가는 물론 결투를 하러 온 여자 드래곤이나  아즈사를 엄마라고 부르는 정체불명의 여자 몬스터까지 몰려오게 되었는데     접기
34,드래곤  집을 사다 ,판타지,줄거리 집에서 쫓겨나게 된 겁 많은 드래곤 레티  다종다양한 종족들이 살아가는 광대한 세계에서 살아가기 위해  약한 자신이라도 안심하고 지낼 수 있는 집을 찾아 여행을 떠나게 되었다   그러던 와중  용사 일행과 마주쳐 위험에 빠진 레티를 구한 건 자신을 부동산 업자라고 소개하는 엘프 디아리아였다  그렇게 둘은 함께 길을 떠나게 되었는데  과연 레티는 안주의 땅에 무사히 다다를 수 있을 것인가  드래곤과 마왕이 선보이는 신감각 판타지가 지금 여기서 개막     접기
35,괴물사변,판타지,줄거리 예로부터 이 세상의 그림자에 숨어들어 사람들의 눈에 띄지 않으면서  사람들과 관계되어 살아가는 괴물이라는 존재  그들 중 대다수는 인간 세상에 적응해 사회 속에 섞여들어 살고 있다   하지만 현대에는 인간과 필요 이상으로 깊게 관계를 맺으려 하는 경우가 다수 보고되는 상황   탐정사무소를 운영하는 이누가미는 그런 괴물들이 일으키는 정체불명의 사건들 중 하나를 추적해 어느 시골 마을에 방문한다  그리고 그곳에서 카바네라는 소년과 만나게 되는데     접기
36,로그 호라이즌  원탁붕괴,판타지,줄거리 어느 날 갑자기  인기 온라인 게임  엘더테일 의 세계에 수만 명의 플레이어인  모험자 들이 갇히고 말았다  몬스터나 마법이 실제로 존재하는 이세계에서 사람들은 혼란에 빠지고  모험자들의 마을  아키바 는 질서를 잃었다   사람 대하는 게 서툰 청년인 시로에도 그 모험자들 중 하나였으나   마음을 다잡은 시로에는 맹우인 나오츠구와 아카츠키  냥타와 함께 길드  로그 호라이즌 을 결성  여기에 더해 타고난 지략을 무기로 모험자들의 결속을 이루어내 자치 조직  원탁회의 를 설립  마을은 평화와 안정을 되찾았다    이  원탁회의 를 중심으로 게임 세계의 현지 주민인  대지인 과의 교류를 진행하고  코웬가의 영애인 레이네시아가 아키바에 부임하는 등 모험가와 귀족  상인  일반 시민들과의 외교나 상거래도 활성화시켜 나간다   하지만 모험자들이 이세계로 떨어지게 된  대재해 로부터  년이 지난 후  찰나의 번영을 누렸던 아키바에는 신종 몬스터  전재 의 습격과 동서 귀족 간의 권력 투쟁  모험자 간의 격차와 사상 차이 등 수많은 불화의 불씨가 끊임없이 피어오르고 있었다    그리고  드디어 모험자들의 결속의 상징  원탁회의 에 결정적인 위기가 찾아오는데       접기
37,괴병의 라무네,판타지,줄거리 사람에게 마음이 있는 한 근심  걱정을 끌어안고 사는 사람 또한 나온다   그곳에  괴이 가 파고들어 몸에 기묘한 병들을 일으킨다    괴병 이라 불리는 그 병은 사람들에겐 알려져 있지 않지만  확실하게 존재하고 있다  현대 의학으론 고칠 방법을 찾을 수 없는 그런 병에 제자와 함께 맞서 싸우는 의사가 있었다    그 이름은 라무네  겉보기엔 전혀 의사처럼 보이지 않고  언제나 제멋대로 행동하는 데다 입버릇도 나쁘다   그래도 일단 괴병과 마주하면 환자들이 마음속 깊은 곳에 감추고 있던 고민의 원인을 순식간에 파헤쳐 치료한다  그런 그들의 앞에 있는 건     접기
